{
    "last_date": "2026-05-22",
    "open_prices": {
        "VTIP": 50.220001220703125,
        "GEV": 1038.739990234375,
        "IAU": 84.80999755859375,
        "VGSH": 58.220001220703125,
        "KMLM": 29.21500015258789,
        "AGQ": 114.80999755859375
    },
    "notified_assets": {},
    "last_vix_label": "LOW",
    "SNDK": 100.0,
    "SNXX": 100.0,
    "CASH": 100.0
}